"need","1.0","0.0","7.0","VBP"
"terms","1.0","0.0","3.0","NNS"
"withLocale","1.0","0.0","2.0","NN"
"particular","1.0","0.0","4.0","JJ"
"use","1.0","0.0","14.0","NN"
"calling","1.0","0.0","6.0","VBG"
"date","1.0","0.0","8.0","NN"
"formatter","1.0","0.0","10.0","NN"
"DateTimeFormat","1.0","0.0","1.0","NNP"
"achieved","1.0","0.0","2.0","VBN"
"i.e.","1.0","0.0","2.0","FW"
"Formatters","1.0","0.0","5.0","NNP"
"compatible","1.0","0.0","2.0","JJ"
"JDK","1.0","0.0","15.0","NNP"
"immutable","1.0","0.0","5.0","JJ"
"year","1.0","0.0","6.0","NN"
"returns","1.0","0.0","4.0","VBZ"
"parse","1.0","0.0","3.0","VB"
"custom","1.0","0.0","2.0","NN"
"patterns","1.0","0.0","2.0","NNS"
"CODEID","1.0","0.0","37.0","NN"
"class","1.0","0.0","21.0","NN"
"Locale","1.0","0.0","1.0","NN"
"format","1.0","0.0","8.0","NN"
"Custom","1.0","0.0","1.0","NNP"
"yyyyMMdd","1.0","0.0","1.0","NN"
"print","1.0","0.0","3.0","NN"
"digit","1.0","0.0","5.0","NN"
"altered","1.0","0.0","1.0","VBN"
"pattern","1.0","0.0","5.0","NN"
"string","1.0","0.0","6.0","NN"
"original","1.0","0.0","4.0","JJ"
"month","1.0","0.0","4.0","NN"
"provided","1.0","0.0","7.0","VBN"
"method","1.0","0.0","21.0","NN"
"factory","1.0","0.0","3.0","NN"
"day","1.0","0.0","5.0","NN"
"based","1.0","0.0","4.0","VBN"
"described","1.0","0.0","2.0","VBN"
